{
  "version" : 2,
  "index_patterns" : [
    {
      "es": {
        "default_index": "nginx-*"
      },
      "tail_interval_in_seconds": 10,
      "es_index_time_offset_in_seconds": 0,
      "display_timezone": "local",
      "display_timestamp_format": "MMM DD HH:mm:ss",
      "max_buckets": 500,
      "default_time_range_in_days" : 0,
      "max_hosts": 100,
      "max_events_to_keep_in_viewer": 5000,
      "default_search": "",
      "fields" : {
        "mapping" : {
            "timestamp" : "@timestamp",
            "hostname" : "proxy_upstream_name",
            "program": "kubernetes.labels.app",
            "message": "referer"
        },
        "message_format": "[{{{remote_user}}} {{{remote_addr}}}] [{{{method}}} {{{code}}} {{{request_time}}}] {{{request_id}}}: {{{referer}}}"
      },
      "color_mapping":
        {
            "field": "code",
            "mapping":
            {
                "400": "#A3A3A3",
                "401": "#A3A3A3",
                "403": "#A3A3A3",
                "404": "#A3A3A3",
                "405": "#A3A3A3",
                "407": "#A3A3A3",
                "408": "#A3A3A3",
                "409": "#A3A3A3",
                "444": "#A3A3A3",
                "500": "#EF2020",
                "501": "#EF2020",
                "502": "#EF2020",
                "503": "#EF2020",
                "504": "#EF2020",
                "505": "#EF2020",
                "510": "#EF2020",
                "511": "#EF2020",
                "598": "#EF2020",
                "599": "#EF2020"
            }
        }

    },

    {
      "es": {
        "default_index": "rest-*"
      },
      "tail_interval_in_seconds": 10,
      "es_index_time_offset_in_seconds": 0,
      "display_timezone": "local",
      "display_timestamp_format": "MMM DD HH:mm:ss",
      "max_buckets": 500,
      "default_time_range_in_days" : 0,
      "max_hosts": 100,
      "max_events_to_keep_in_viewer": 5000,
      "default_search": "",
      "fields" : {
        "mapping" : {
            "timestamp" : "@timestamp",
            "hostname" : "kubernetes.container_name",
            "program": "kubernetes.host",
            "message": "log"
        },
        "message_format": "{{{log}}}"
      },
      "color_mapping":
        {
        }

    },

    {
        "es":
        {
            "default_index": "logstash-apps-staging-*",
            "allow_url_parameter": false
        },
        "tail_interval_in_seconds": 10,
        "es_index_time_offset_in_seconds": 0,
        "display_timezone": "local",
        "display_timestamp_format": "MMM DD HH:mm:ss",
        "max_buckets": 500,
        "default_time_range_in_days": 0,
        "max_hosts": 100,
        "max_events_to_keep_in_viewer": 5000,
        "fields":
        {
            "mapping":
            {
                "timestamp": "@timestamp",
                "display_timestamp": "@timestamp",
                "hostname": "facility",
                "program": "container",
                "message": "message"
            },
            "message_format": "[{{{user_Id}}}] : {{{message}}}"
        },
        "color_mapping":
        {
            "field": "level",
            "mapping":
            {
                "3": "#FF0000",
                "4": "#FFEF96",
                "6": "#B5E7A0",
                "7": "#B5DFDF",
                "8": "#CFE0E8"
            }
        }

    },
    {
        "es":
        {
            "default_index": "logstash-apps-test-*",
            "allow_url_parameter": false
        },
        "tail_interval_in_seconds": 10,
        "es_index_time_offset_in_seconds": 0,
        "display_timezone": "local",
        "display_timestamp_format": "MMM DD HH:mm:ss",
        "max_buckets": 500,
        "default_time_range_in_days": 0,
        "max_hosts": 100,
        "max_events_to_keep_in_viewer": 5000,
        "fields":
        {
            "mapping":
            {
                "timestamp": "@timestamp",
                "display_timestamp": "@timestamp",
                "hostname": "facility",
                "program": "container",
                "message": "message"
            },
            "message_format": "[{{{user_Id}}}] : {{{message}}}"
        },
        "color_mapping":
        {
            "field": "level",
            "mapping":
            {
                "3": "#FF0000",
                "4": "#FFEF96",
                "6": "#B5E7A0",
                "7": "#B5DFDF",
                "8": "#CFE0E8"
            }
        }

    },
    {
        "es":
        {
            "default_index": "logstash-apps-live-*",
            "allow_url_parameter": false
        },
        "tail_interval_in_seconds": 10,
        "es_index_time_offset_in_seconds": 0,
        "display_timezone": "local",
        "display_timestamp_format": "MMM DD HH:mm:ss",
        "max_buckets": 500,
        "default_time_range_in_days": 0,
        "max_hosts": 100,
        "max_events_to_keep_in_viewer": 5000,
        "fields":
        {
            "mapping":
            {
                "timestamp": "@timestamp",
                "display_timestamp": "@timestamp",
                "hostname": "facility",
                "program": "container",
                "message": "message"
            },
            "message_format": "[{{{user_Id}}}] : {{{message}}}"
        },
        "color_mapping":
        {
            "field": "level",
            "mapping":
            {
                "3": "#FF0000",
                "4": "#FFEF96",
                "6": "#B5E7A0",
                "7": "#B5DFDF",
                "8": "#CFE0E8"
            }
        }

    },
    {
        "es":
        {
            "default_index": "logstash-apps-rc-*",
            "allow_url_parameter": false
        },
        "tail_interval_in_seconds": 10,
        "es_index_time_offset_in_seconds": 0,
        "display_timezone": "local",
        "display_timestamp_format": "MMM DD HH:mm:ss",
        "max_buckets": 500,
        "default_time_range_in_days": 0,
        "max_hosts": 100,
        "max_events_to_keep_in_viewer": 5000,
        "fields":
        {
            "mapping":
            {
                "timestamp": "@timestamp",
                "display_timestamp": "@timestamp",
                "hostname": "facility",
                "program": "container",
                "message": "message"
            },
            "message_format": "[{{{user_Id}}}] : {{{message}}}"
        },
        "color_mapping":
        {
            "field": "level",
            "mapping":
            {
                "3": "#FF0000",
                "4": "#FFEF96",
                "6": "#B5E7A0",
                "7": "#B5DFDF",
                "8": "#CFE0E8"
            }
        }

    },
    {
        "es":
        {
            "default_index": "logstash-gelf",
            "allow_url_parameter": false
        },
        "tail_interval_in_seconds": 10,
        "es_index_time_offset_in_seconds": 0,
        "display_timezone": "local",
        "display_timestamp_format": "MMM DD HH:mm:ss",
        "max_buckets": 500,
        "default_time_range_in_days": 0,
        "max_hosts": 100,
        "max_events_to_keep_in_viewer": 5000,
        "fields":
        {
            "mapping":
            {
                "timestamp": "@timestamp",
                "display_timestamp": "@timestamp",
                "hostname": "facility",
                "program": "container",
                "message": "message"
            },
            "message_format": "{{{message}}}"
        },
        "color_mapping":
        {}
    }],
      "color_mapping":
      {
          "field": "level",
          "mapping":
          {
              "3": "#FF0000",
              "4": "#FFEF96",
              "7": "#B5E7A0",
              "8": "#CFE0E8"
          }
      }
}
